<?xml version="1.0" encoding="utf-8"?>
<fs:BigVir xmlns:xsi="http://www.w3.org/2001/XMLSchema-instance"
xmlns:fs="https://datapipelineassignment.org/XML"
xsi:schemaLocation="https://datapipelineassignment.org/XML BigVir-Schema.xsd">
	<fs:citizens>
		<fs:citizen>
			<fs:personal_info>
				<fs:lastname>Bou Malham</fs:lastname>
				<fs:firstname>Issam</fs:firstname>
				<fs:birth_date>1992-07-23</fs:birth_date>
				<fs:weight>60</fs:weight>
				<fs:height>165</fs:height>
				<fs:phone>0623417741</fs:phone>
				<fs:nationality>Franco-Lebanese</fs:nationality>
				<fs:email>issamgbm@gmail.com</fs:email>
				<fs:city>Cagnes-sur-mer</fs:city>
				<fs:zip>06800</fs:zip>
			</fs:personal_info>
			<fs:medical_history>
				<fs:consultation>
					<fs:doctor_name>RENAUD JEAN-PIERRE</fs:doctor_name>
					<fs:city>CAGNES-SUR-MER</fs:city>
					<fs:country>FRANCE</fs:country>
					<fs:date_of_visit>2021-07-03</fs:date_of_visit>
					<fs:type_of_doctor>ALLERGIST</fs:type_of_doctor>
				</fs:consultation>
				<fs:hospitalization HospitalID="H_1">
					<fs:hospital>HOPITAL SAINT JEAN</fs:hospital>
					<fs:city>CAGNES-SUR-MER</fs:city>
					<fs:country>FRANCE</fs:country>
					<fs:date_of_hospitalization>2021-02-03</fs:date_of_hospitalization>
					<fs:hospitalization_status>NORMAL</fs:hospitalization_status>
				</fs:hospitalization>
				<fs:vaccination>
					<fs:vaccinated>true</fs:vaccinated>
					<fs:vaccine_name>PFIZER</fs:vaccine_name>
					<fs:vaccination_date>2021-07-01</fs:vaccination_date>
					<fs:city>CAGNES-SUR-MER</fs:city>
					<fs:country>FRANCE</fs:country>
				</fs:vaccination>
				<fs:test>
					<fs:type>COVID 19</fs:type>
					<fs:date_of_test>2021-06-15</fs:date_of_test>
					<fs:city>CAGNES-SUR-MER</fs:city>
					<fs:country>FRANCE</fs:country>
					<fs:result>POSITIVE</fs:result>
				</fs:test>
			</fs:medical_history>
			<fs:establishment_history>
				<fs:establishment>
					<fs:establishment_name>MUSIC FESTIVAL</fs:establishment_name>
					<fs:establishment_city>CAGNES-SUR-MER</fs:establishment_city>
					<fs:establishment_country>FRANCE</fs:establishment_country>
					<fs:establishment_visit_date>2020-06-05</fs:establishment_visit_date>
				</fs:establishment>
			</fs:establishment_history>
		</fs:citizen>
		
	</fs:citizens>
	<fs:Hospital>
		<fs:Hospital Hospital_ID="H_1">
			<fs:Hospital_name>HOPITAL SAINT JEAN </fs:Hospital_name>
		</fs:Hospital>
	</fs:Hospital>
</fs:BigVir>